{"cameraMode":{"drawMode":0,"name":"Shaded","section":"Shading Mode"},"sceneLighting":true,"audioPlay":false,"sceneViewState":{"m_AlwaysRefresh":false,"showFog":true,"showSkybox":true,"showFlares":true,"showImageEffects":true,"showParticleSystems":true,"showVisualEffectGraphs":true,"m_FxEnabled":true},"in2DMode":false,"pivot":{"x":-1.2670471668243409,"y":-14.220365524291993,"z":16.382535934448243},"rotation":{"x":-0.42827847599983218,"y":0.006712667644023895,"z":-0.003269157139584422,"w":-0.9031221270561218},"size":17.623693466186525,"orthographic":false}