{"cameraMode":{"drawMode":0,"name":"Shaded","section":"Shading Mode"},"sceneLighting":false,"audioPlay":false,"sceneViewState":{"m_AlwaysRefresh":false,"showFog":true,"showSkybox":false,"showFlares":true,"showImageEffects":true,"showParticleSystems":true,"showVisualEffectGraphs":true,"m_FxEnabled":true},"in2DMode":false,"pivot":{"x":-43.997989654541019,"y":9.62517261505127,"z":-12.016980171203614},"rotation":{"x":-0.061765268445014957,"y":-0.006883582100272179,"z":0.0005071711493656039,"w":-0.9980075359344482},"size":1.658312439918518,"orthographic":false}